(EDP 4.31) name (sample #1 - #452) all events/metrics are normalized per second unless stated otherwise,aggregated,min,max,95th percentile,variation (stdev/avg)
metric_CPU operating frequency (in GHz),2.757750856642456,1.5132679984453177,2.7904191305504176,2.7862011176816113,0.02602259335285161
metric_CPU utilization %,0.9382559689000683,0.07147659828764774,1.3831322769488326,0.9712527451498141,0.06532045302614702
metric_CPU utilization% in kernel mode,0.039782207446484266,0.031334342182327876,0.046075491867575064,0.046075491867575064,0.107463112485809
metric_CPI,0.2714767360965322,0.2681478988073498,3.663880147923965,0.27619362128711766,0.5997753370413054
metric_kernel_CPI,8.1563185690086,7.287209233330752,9.56403409134945,9.56403409134945,0.08706366931945178
metric_EMON event mux reliability% (>95% good),99.71894578724083,99.99969805204422,99.99977246540658,99.99977246540658,2.4123295799591e-07
metric_branch mispredict ratio,0.0004714612835578775,0.00044551472574129827,0.0005106517682085739,0.0005106517682085739,0.04096027148660742
metric_loads per instr,0.3225803724020361,0.3166194021107052,0.31954043573538643,0.31954043573538643,0.004107069175749308
metric_stores per instr,0.1615957274265908,0.15926873535180297,0.1597947249833922,0.1597947249833922,0.0014783389553494983
metric_locks retired per instr,5.357402196885449e-06,4.743502137914853e-06,5.973721189086153e-06,5.973721189086153e-06,0.06523830030831046
metric_uncacheable reads per instr,1.939311690264766e-09,0.0,3.5367300795240315e-08,3.5367300795240315e-08,2.9332126008443717
metric_streaming stores (full line) per instr,0.0,0.0,0.0,0.0,NaN
metric_streaming stores (partial line) per instr,2.6738320356254644e-10,0.0,1.8619690884680408e-09,1.8619690884680408e-09,2.449489752282894
metric_L1D MPI (includes data+rfo w/ prefetches),0.05609400074726336,0.05578040851523608,0.05581916672410978,0.05581916672410978,0.00018144362948753772
metric_L1D demand data read hits per instr,0.2668829514382002,0.2655691402986591,0.2656881402301675,0.2656881402301675,0.0001161958412532448
metric_L1-I code read misses (w/ prefetches) per instr,0.00012126211820330049,8.53211394386653e-05,0.00019107666428452242,0.00019107666428452242,0.2158246115868011
metric_L2 demand data read hits per instr,0.0373821841359875,0.037178873835516636,0.03722097551932466,0.03722097551932466,0.00037649409850215517
metric_L2 MPI (includes code+data+rfo w/ prefetches),0.00016859667362525353,0.00012944987493344916,0.00026087470790398567,0.00026087470790398567,0.18308184560308075
metric_L2 demand data read MPI,1.2369329213890567e-05,1.0025556848686826e-05,0.006264841334018195,0.006264841334018195,3.5129915155031366
metric_L2 demand code MPI,9.470481417532722e-05,6.871946520570202e-05,0.0001471588045861807,0.0001471588045861807,0.20352374109172883
metric_L2 Any local request that HITM in a sibling core (per instr),1.0298826852377643e-06,7.972660807255219e-07,1.3665503023950071e-06,1.3665503023950071e-06,0.14458172918431703
metric_L2 Any local request that HIT in a sibling core and forwarded(per instr),6.044838405526099e-07,2.9339615085877624e-07,1.0002611957659333e-06,1.0002611957659333e-06,0.3225111166249347
metric_L2 all L2 prefetches(per instr),0.008895646675778161,0.008301364663643486,0.011424837157360906,0.011424837157360906,0.11417278138474822
metric_L2 % of all lines evicted that are unused prefetches,0.030430885204294874,0.0162993363469523,0.09294531122517327,0.09294531122517327,0.6311632793927056
metric_L2 % of L2 evictions that are allocated into L3,93.03979427886729,88.78426108591458,99.31529541689673,99.31529541689673,0.026783700824951965
metric_L2 % of L2 evictions that are NOT allocated into L3,6.960205721132713,0.6847045831032582,11.215738914085424,11.215738914085424,1.2986615828560502
metric_LLC code references per instr (L3 prefetch excluded),0.00013991666243451492,6.531665584616586e-05,0.0003457428743696423,0.0003457428743696423,0.6641000264339808
metric_LLC data read references per instr (L3 prefetch excluded),5.667825180181329e-05,4.299413551998743e-05,8.164129954305337e-05,8.164129954305337e-05,0.21823361778793912
metric_LLC RFO references per instr (L3 prefetch excluded),1.2401790369597612e-05,1.0166448792455436e-05,1.5163690349471575e-05,1.5163690349471575e-05,0.11776794579137939
metric_LLC MPI (includes code+data+rfo w/ prefetches),2.8618039781408663e-05,1.8273958526826487e-05,3.5810143807669716e-05,3.5810143807669716e-05,0.1541246083911076
metric_LLC data read MPI (demand+prefetch),2.354150516414634e-05,1.3319793359118844e-05,3.014426103727525e-05,3.014426103727525e-05,0.18916379766250085
metric_LLC RFO read MPI (demand+prefetch),5.067176563072703e-06,4.04221253128003e-06,5.854847480477657e-06,5.854847480477657e-06,0.10868116148669174
metric_LLC code read MPI (demand+prefetch),9.358054189621415e-09,0.0,1.2112414611902662e-07,1.2112414611902662e-07,3.329732788040158
metric_LLC all LLC prefetches (per instr),0.0,0.0,0.0,0.0,NaN
metric_LLC total HITM (per instr) (excludes LLC prefetches),9.930056211820446e-07,7.394278152230099e-07,1.638957106292677e-06,1.638957106292677e-06,0.2864838449680329
metric_LLC total HIT clean line forwards (per instr) (excludes LLC prefetches),7.422517178565039e-07,6.213526373459185e-07,8.949497864349012e-07,8.949497864349012e-07,0.11637155195125186
metric_LLC % of LLC misses satisfied by remote caches,6.063508724891199,4.690685622545807,8.35299970902967,8.35299970902967,0.19605130344585803
metric_Average LLC data read (demand+prefetch) miss latency (in ns),19.912726966356583,15.802477919277067,26.04722781147349,26.04722781147349,0.1498995704804146
metric_Average LLC data read (demand+prefetch) miss latency for LOCAL requests (in ns),15.319221807892925,12.382631299681101,18.787961159472733,18.787961159472733,0.14140743224542657
metric_Average LLC data read (demand+prefetch) miss latency for REMOTE requests (in ns),147.1663615369778,143.25214404993284,157.21370082119626,157.21370082119626,0.03168404648685961
metric_Average LLC RFO (demand+prefetch) miss latency (in ns),41.934121712601275,30.73066704384511,53.08940368157262,53.08940368157262,0.171871101282839
metric_Average LLC RFO (demand+prefetch) miss latency for REMOTE requests (in ns),163.00044638461594,144.19722408521625,192.91174265996685,192.91174265996685,0.07393961520341971
metric_SF snoop filter capacity evictions (per instr),2.1593120412163285e-10,0.0,9.325455113006817e-10,9.325455113006817e-10,1.8257426626677962
metric_SF % of L3 accesses that result in SF capacity evictions,0.00012807560165842397,0.0,0.0006529338975173787,0.0006529338975173787,1.8286574321108016
metric_ITLB MPI,2.1779772620882893e-06,1.7467373977745686e-06,3.469583779725254e-06,3.469583779725254e-06,0.1944348308210792
metric_ITLB large page MPI,7.654773526955283e-07,6.129883774590229e-07,1.4712674106188672e-06,1.4712674106188672e-06,0.2839361818273368
metric_DTLB load MPI,5.397840207423764e-06,4.211062988924638e-06,6.7695818312611515e-06,6.7695818312611515e-06,0.14676353052273508
metric_DTLB 4KB page load MPI,4.729355182135868e-06,3.6419500744736417e-06,5.9801677415171565e-06,5.9801677415171565e-06,0.15809540805497693
metric_DTLB 2MB large page load MPI,5.316349248062805e-07,4.415049450896442e-07,7.096466302684004e-07,7.096466302684004e-07,0.11912555200053916
metric_DTLB 1GB large page load MPI,1.3685010048161656e-07,1.2751502182337657e-07,1.545949352028271e-07,1.545949352028271e-07,0.0527220017255358
metric_DTLB store MPI,5.471342219412836e-07,3.688732988460017e-07,9.840244028462529e-07,9.840244028462529e-07,0.3474833425746077
metric_DTLB load miss latency (in core clks),67.67920300872208,61.16343375980195,71.64628297362108,71.64628297362108,0.048266313638711644
metric_DTLB store miss latency (in core clks),112.73934505270296,114.44285714285728,135.04627006610022,135.04627006610022,0.03828101256946044
metric_ITLB miss latency (in core clks),41.917006844479936,40.76764199655764,42.72273143904678,42.72273143904678,0.015272349782379912
metric_NUMA %_Reads addressed to local DRAM,94.60641591547068,92.60395176188024,97.10975891600738,97.10975891600738,0.015435996987183846
metric_NUMA %_Reads addressed to remote DRAM,5.393584084529326,2.8902410839926187,7.3960482381197465,7.3960482381197465,0.27724887330141607
metric_NUMA %_RFOs addressed to local DRAM,93.1927388599141,88.91371061297072,95.618681916099,95.618681916099,0.022596715311150834
metric_NUMA %_RFOs addressed to remote DRAM,6.807261140085886,4.381318083900989,11.08628938702929,11.08628938702929,0.307486416836651
metric_uncore frequency GHz,2.3519957465915913,2.351712542753123,2.3522065777397345,2.3521594719940775,4.2732273728425557e-05
metric_UPI speed - GT/s,10.424301039444535,10.418262821533501,10.446075177370446,10.446075177370446,0.0006015267036831338
metric_UPI Data transmit BW (MB/sec) (only data),1.8817518485708862,0.8748404271583704,5.734489649549572,3.6288127615450345,0.4686750062017754
metric_UPI Transmit utilization_% (includes control),0.005465078666934522,0.0033202188454227884,0.01003134640815577,0.01003134640815577,0.3263825077158644
metric_UPI % cycles transmit link is half-width (L0p),49.73746252251472,46.334994551437696,50.01844393592015,50.01844393592015,0.019637990359155914
metric_UPI % cycles receive link is half-width (L0p),49.7114612164981,46.312534742182095,49.99958597463254,49.99958597463254,0.01963698513599179
metric_HA - Reads vs. all requests,0.552457624938913,0.5020771513353114,0.6177105831533477,0.6177105831533477,0.056705823351763565
metric_HA - Writes vs. all requests,0.4475423750610869,0.3822894168466522,0.49792284866468856,0.49792284866468856,0.07152269873136799
metric_HA % of all reads that are local,89.39894780948833,82.69394714407505,95.80514208389715,95.80514208389715,0.04612476600467911
metric_HA % of all writes that are local,11.126436781609195,5.9278350515463964,20.39045553145335,20.39045553145335,0.42219911455692904
metric_HA conflict responses per instr,5.350646104758969e-10,0.0,3.7204345772289804e-09,3.7204345772289804e-09,2.060627522671731
metric_HA directory lookups that spawned a snoop (per instr),6.975533408493418e-07,4.5369251769368156e-07,1.004080914562797e-06,1.004080914562797e-06,0.25304918608996047
metric_HA directory lookups that did not spawn a snoop (per instr),3.219682661999645e-07,5.127014628237796e-08,1.2174551753388415e-06,1.2174551753388415e-06,1.05103932417503
metric_M2M directory updates (per instr),1.7705980613033232e-06,1.068461231421707e-06,2.267258177906667e-06,2.267258177906667e-06,0.17120379453236975
metric_M2M XPT prefetches (per instr),-1.2713739075590321e-06,-2.2025629115130615e-06,-7.459560861463295e-07,-7.459560861463295e-07,-0.27872609442428703
metric_M3UPI UPI prefetches (per instr),2.1840739668835254e-06,1.4478293746982558e-06,3.4555847538193088e-06,3.4555847538193088e-06,0.24068859770848447
metric_M2M extra reads from XPT-UPI prefetches (per instr),7.757230709258726e-07,4.43479267925592e-07,1.1236235985613971e-06,1.1236235985613971e-06,0.31872358499160375
metric_DDR data rate (MT/sec),2672.641974381369,2671.5304231675755,2674.003582505691,2674.003582505691,0.0002732466816163623
metric_memory bandwidth read (MB/sec),14.487966233078753,10.935599370868001,337.03146671442096,13.714684049045426,1.7021045657581069
metric_memory bandwidth write (MB/sec),13.281942578494874,10.922815924295008,196.30596865790275,13.485040882181805,1.0197522497011546
metric_memory bandwidth total (MB/sec),27.76990881157363,21.85841529516301,533.3374353723237,27.557273754878402,1.3704442955161678
metric_memory extra read b/w due to XPT prefetches (MB/sec),0.5299665386384289,0.30439045619452354,0.7715634169523681,0.7715634169523681,0.31879083653228263
metric_memory extra write b/w due to directory updates (MB/sec),1.209655560132881,0.7335284735246175,1.556251232048869,1.556251232048869,0.17114314232381572
metric_DCPMEM_memory_mode % of non-inclusive writes to near memory,0.0,0.0,0.0,0.0,NaN
metric_DCPMEM_memory_mode near memory cache read miss rate%,0.0,0.0,0.0,0.0,NaN
metric_memory RPQ read latency (ns),28.52717673826401,26.893686985001075,32.03953008855597,32.03953008855597,0.057021524413655114
metric_memory WPQ write latency (ns),565626.5388698592,289120.9748404854,665108.4978996954,665108.4978996954,0.1579205151776414
metric_memory avg entries in RPQ,0.00010381447589343446,7.2351566550524e-05,0.00018478563490908085,0.00018478563490908085,0.2970065183132812
metric_memory avg entries in RPQ when not empty,1.3294012485237676,1.1577579867636245,1.4754830200165232,1.4754830200165232,0.07043062472342547
metric_memory % cycles when RPQ is empty,99.99219088473035,99.98739921600654,99.9952822714637,99.9952822714637,2.576278520891708e-05
metric_memory % cycles when RPQ has 1 or more entries,0.007809115269653549,0.004717728536302357,0.012600783993469747,0.012600783993469747,0.3251785396909364
metric_memory % cycles when RPQ has 10 or more entries,2.736648246752862e-06,0.0,9.529109587970873e-06,9.529109587970873e-06,1.1735469433674783
metric_memory % cycles when RPQ has 20 or more entries,0.0,0.0,0.0,0.0,NaN
metric_memory % cycles when RPQ has 40 or more entries,0.0,0.0,0.0,0.0,NaN
metric_memory avg time (dclk) RPQ not empty,38.15214410246822,36.59366262814539,48.5524278676988,47.502842703727104,0.06508892446902541
metric_memory avg time (dclk) RPQ empty,488520.95839596825,270285.14812792296,974658.5059800564,974658.5059800564,0.3954740885323347
metric_memory avg time with 40 or more entries,NaN,,,,NaN
metric_memory avg time with less than 40 entries),Infinity,Infinity,Infinity,Infinity,NaN
metric_3DXP_memory bandwidth read (MB/sec),0.0,0.0,0.0,0.0,NaN
metric_3DXP_memory bandwidth write (MB/sec),0.0,0.0,0.0,0.0,NaN
metric_3DXP_memory bandwidth total (MB/sec),0.0,0.0,0.0,0.0,NaN
metric_3DXP memory RPQ read latency (ns),NaN,,,,NaN
metric_3DXP avg entries in RPQ,0.0,0.0,0.0,0.0,NaN
metric_3DXP avg entries in RPQ when not empty,NaN,,,,NaN
metric_3DXP % cycles when RPQ is empty,100.0,100.0,100.0,100.0,0.0
metric_3DXP % cycles when RPQ has 1 or more entries,0.0,0.0,0.0,0.0,NaN
metric_3DXP % cycles when RPQ has 10 or more entries,0.0,0.0,0.0,0.0,NaN
metric_3DXP % cycles when RPQ has 24 or more entries,0.0,0.0,0.0,0.0,NaN
metric_3DXP % cycles when RPQ has 36 or more entries,0.0,0.0,0.0,0.0,NaN
metric_3DXP avg time (dclk) RPQ not empty,NaN,,,,NaN
metric_3DXP avg time (dclk) RPQ empty,Infinity,Infinity,Infinity,Infinity,NaN
metric_3DXP avg time (dclk) with 36 or more entries in RPQ,NaN,,,,NaN
metric_3DXP avg time (dclk) with less than 36 entries in RPQ,Infinity,Infinity,Infinity,Infinity,NaN
metric_3DXP memory WPQ write latency (ns),NaN,,,,NaN
metric_3DXP avg entries in WPQ,0.0,0.0,0.0,0.0,NaN
metric_3DXP avg entries in WPQ when not empty,NaN,,,,NaN
metric_3DXP % cycles when WPQ has 1 or more entries,0.0,0.0,0.0,0.0,NaN
metric_3DXP % cycles when WPQ has 10 or more entries,0.0,0.0,0.0,0.0,NaN
metric_3DXP % cycles when WPQ is empty,100.0,100.0,100.0,100.0,0.0
metric_3DXP % cycles when WPQ has 20 or more entries,0.0,0.0,0.0,0.0,NaN
metric_3DXP % cycles when WPQ has 30 or more entries,0.0,0.0,0.0,0.0,NaN
metric_3DXP avg time (dclk) WPQ not empty,NaN,,,,NaN
metric_3DXP avg time (dclk) WPQ empty,Infinity,Infinity,Infinity,Infinity,NaN
metric_3DXP avg time (dclk) with 30 or more entries in WPQ,NaN,,,,NaN
metric_CHA % cyles Fast asserted,0.0002979505007327882,0.0,0.0007284600462098818,0.0007284600462098818,0.6587888390341174
metric_3DXP avg time (dclk) with less than 30 entries in WPQ,Infinity,Infinity,Infinity,Infinity,NaN
metric_CHA RxC IRQ latency (ns),4.3564399100683,3.982301330481664,7.400391297328896,7.400391297328896,0.21819911584631022
metric_CHA RxC IRQ avg entries,0.00025836052738558666,0.0001752671586831699,0.00027196648260995797,0.00027196648260995797,0.12879821528972982
metric_CHA RxC IRQ % cycles when Q has 18 or more entries,1.1107445873511766e-05,0.0,3.855423948795327e-05,3.855423948795327e-05,1.024151727023476
metric_M2M avg entries in TxC AD Q,0.0,0.0,0.0,0.0,NaN
metric_M2M avg entries in TxC BL Q,1.5484275151806294e-06,8.893098803642642e-07,3.1302151428295423e-06,3.1302151428295423e-06,0.3976349341124939
metric_M2M RxC AD latency (ns),0.07345240480171336,0.038012267605248284,0.1475555868203589,0.1475555868203589,0.33615724944435676
metric_M2M RxC AD avg entries,3.563092702426626e-08,2.4259543933070445e-08,4.437385261872896e-08,4.437385261872896e-08,0.18307093399998514
metric_M2M RxC BL latency (ns),3.8899006644586196,3.737214455888702,3.9921149097414026,3.9921149097414026,0.021758646470442917
metric_M2M RxC BL avg entries,3.445377392896168e-06,1.8980373530594947e-06,4.779201176933681e-06,4.779201176933681e-06,0.27442852640229304
metric_IO_bandwidth_disk_or_network_writes (MB/sec),1.3070875929027348,0.0,18.292242799969134,18.292242799969134,3.463839226769553
metric_IO_bandwidth_disk_or_network_reads (MB/sec),0.002536873439961096,0.0,0.03458683264896667,0.03458683264896667,3.3681184032960996
metric_IO_number of partial PCI writes per sec,12.850766089430175,0.0,69.95533377847626,69.95533377847626,1.6480230700140215
metric_IO_read cache miss(disk/network writes) bandwidth (MB/sec),0.07892454201741972,0.0,0.4912119664337601,0.4912119664337601,2.168885092149355
metric_IO_write cache miss(disk/network reads) bandwidth (MB/sec),0.008860016393268727,0.0,0.0006397386880705461,0.0006397386880705461,2.3452078982245266
metric_IONUMA % disk/network reads addressed to local memory,100.0,100.0,100.0,100.0,NaN
metric_IONUMA % disk/network reads addressed to remote memory,0.0,0.0,0.0,0.0,NaN
metric_MMIO reads per instr,4.210680116165105e-09,0.0,1.3033862455982548e-08,1.3033862455982548e-08,1.313993232198888
metric_MMIO writes per instr,9.357634148073435e-09,9.309677082650856e-09,9.321499524385875e-09,9.321499524385875e-09,0.0003661378250887499
metric_memory reads vs. all requests,0.5217145771483637,0.49209496615905246,0.7503495367894898,0.509268028683534,0.04349884682472589
metric_memory Page Empty vs. all requests,0.00024091832339059974,-0.0005812417437250711,0.0023954537346143755,0.0021722223712086026,3.2306740412594683
metric_memory Page Misses vs. all requests,0.870582206729704,0.9951955893935415,1.002408936891148,1.0022936370899158,0.002140092905416264
metric_memory Page Hits vs. all requests,0.12917687494690544,-0.0019589157136805646,0.0026281208935610145,0.0022805017103761926,-3.060332748021307
metric_memory % Cycles where all DRAM ranks are in PPD mode,0.0,0.0,0.0,0.0,NaN
metric_memory % Cycles Memory is in self refresh power mode,0.0,0.0,0.0,0.0,NaN
metric_ItoM operations (fast strings) that reference LLC per instr,1.0033140007022787e-05,8.145411642947348e-06,1.2841560982339435e-05,1.2841560982339435e-05,0.11766389015716419
metric_ItoM operations (fast strings) that miss LLC per instr,9.722103525024656e-06,7.976025797538708e-06,1.2336822103337602e-05,1.2336822103337602e-05,0.11362664577093741
metric_% Uops delivered from decoded Icache (DSB),99.61802741242809,99.54541070864693,99.67207557264061,99.67207557264061,0.0003097188139084877
metric_% Uops delivered from legacy decode pipeline (MITE),0.23365596674057199,0.20081614459224345,0.2706692669230974,0.2706692669230974,0.07795824267720745
metric_% Uops delivered from microcode sequencer (MS),0.14831662083134498,0.1271082827671625,0.18392002442995786,0.18392002442995786,0.09027369480109337
metric_% Uops delivered from loop stream detector (LSD),0.0,0.0,0.0,0.0,NaN
metric_FP scalar single-precision FP instructions retired per instr,0.0,0.0,0.0,0.0,NaN
metric_FP scalar double-precision FP instructions retired per instr,1.7385628529198566e-08,9.316245855288398e-09,2.7007751622381512e-08,2.7007751622381512e-08,0.35531373407878886
metric_FP 128-bit packed single-precision FP instructions retired per instr,0.0,0.0,0.0,0.0,NaN
metric_FP 128-bit packed double-precision FP instructions retired per instr,0.0,0.0,0.0,0.0,NaN
metric_FP 256-bit packed single-precision FP instructions retired per instr,0.0,0.0,0.0,0.0,NaN
metric_FP 256-bit packed double-precision FP instructions retired per instr,0.0,0.0,0.0,0.0,NaN
metric_FP 512-bit packed single-precision FP instructions retired per instr,0.0,0.0,0.0,0.0,NaN
metric_FP 512-bit packed double-precision FP instructions retired per instr,0.0,0.0,0.0,0.0,NaN
metric_DRAM power (watts),40.944030006457254,40.599908072001135,41.20856939848198,41.19390080585122,0.004010931596306048
metric_package power (watts),100.05349859324109,99.39871161444297,101.40397851259219,100.91528483601766,0.004659284396597836
metric_core c6 residency %,96.8067673621166,95.65814792908364,97.14756203566117,97.10933201740475,0.0039661499521229
metric_package c2 residency %,48.03042598454118,31.288280352499353,49.682104856842024,49.46657257424903,0.068023446391893
metric_package c6 residency %,0.0,0.0,0.0,0.0,NaN
metric_core SW prefetch NTA per instr,0.0,0.0,0.0,0.0,NaN
metric_core uncacheable access and clflushes per instr,4.030851997016691e-09,3.722711174120853e-09,4.657081759663112e-09,4.657081759663112e-09,0.10720206935268962
metric_core PAUSE instr executions per instr,1.3501553429365386e-05,8.218621976862499e-06,1.4918366251200785e-05,1.4918366251200785e-05,0.11480629387614834
metric_core % cycles core power throttled,0.010831639404766821,0.0063941033515324255,0.014790934341458697,0.014790934341458697,0.23900147957586343
metric_core % cycles in non AVX license,100.0,100.0,100.00000000000001,100.00000000000001,6.826673788612842e-17
metric_core % cycles in AVX2 license,0.0,0.0,0.0,0.0,NaN
metric_core % cycles in AVX-512 license,0.0,0.0,0.0,0.0,NaN
metric_SMI number of SMIs per sec,0.0,0.0,0.0,0.0,NaN
metric_core initiated local dram read bandwidth (MB/sec),0.31167650806604685,0.12091809068545802,1.653061061671554,1.653061061671554,1.2101267105709927
metric_core initiated remote dram read bandwidth (MB/sec),1.4528161637335855,0.8713779868444113,1.8255139147813322,1.8255139147813322,0.17666572693004556
metric_core initiated local DCPMEM read bandwidth (MB/sec),0.0,0.0,0.0,0.0,NaN
metric_core initiated remote DCPMEM read bandwidth (MB/sec),0.0,0.0,0.0,0.0,NaN
metric_M3UPI avg all VN0 entries,2.237020588966382e-05,1.5773006454810217e-05,3.821741959152635e-05,3.821741959152635e-05,0.26036282300350183
metric_M3UPI % cycles when all VN0 has 1 or more entries,0.0019227075814780305,0.0012166769652711786,0.0027399660246022815,0.0027399660246022815,0.1994918342147427
metric_M3UPI % cycles when all VN0 has 10 or more entries,4.387060396395111e-07,0.0,5.999141323392724e-06,5.999141323392724e-06,3.378767244201522
metric_M3UPI % cycles when all VN0 has 30 or more entries,0.0,0.0,0.0,0.0,NaN
metric_M3UPI % cycles when all VN0 has 50 or more entries,0.0,0.0,0.0,0.0,NaN
metric_TMAM_Info_CoreIPC,3.671408295973767,3.609260767653687,3.711705717993272,3.711705717993272,0.008061248611447925
metric_TMAM_Info_Memory Level Parallelism,1.8193031985897608,1.8167318119923117,1.8263855356051932,1.8263855356051932,0.0014074028589821787
metric_TMAM_Info_L1D_Load_Miss_Latency(ns),2.4492545644804147,2.416990664616673,2.460082881222024,2.460082881222024,0.0052760791661924196
metric_TMAM_Info_cycles_both_threads_active(%),1.540874124855296,1.327624715880471,1.6632576484367445,1.6632576484367445,0.05364039736976408
metric_TMAM_Frontend_Bound(%),2.0760415921440103,1.5152671729744023,3.895126995838629,3.895126995838629,0.2863996253749771
metric_TMAM_..Frontend_Latency(%),0.5599384792579151,0.4637648718660058,0.672803043680773,0.672803043680773,0.12894871404499675
metric_TMAM_....ICache_Misses(%),0.254021732723517,0.18627423526997888,0.5463528103930702,0.5463528103930702,0.37024808613787624
metric_TMAM_....ITLB_Misses(%),0.10071630505952162,0.07730709963280777,0.18621958382741574,0.18621958382741574,0.2873007789899192
metric_TMAM_....Branch_Resteers(%),0.444599649822995,0.39263353324945577,0.5389365991161384,0.5389365991161384,0.09974984023448152
metric_TMAM_......Mispredicts_Resteers(%),0.28075152005331727,0.24374818090850522,0.3177425621636487,0.3177425621636487,0.0825554171795155
metric_TMAM_......Clears_Resteers(%),0.006564318011297321,0.004218438855547804,0.01320578762483189,0.01320578762483189,0.41490825833790074
metric_TMAM_......Unknown_Branches_Resteers(%),0.1572838117583803,0.12176339170412938,0.21560197226710373,0.21560197226710373,0.17377529781205467
metric_TMAM_....DSB_Switches(%),0.05389834630077963,0.02629840557389073,0.09489614207709071,0.09489614207709071,0.372627695467498
metric_TMAM_....MS_Switches(%),0.14078400185479573,0.12249325900434573,0.18228673739252987,0.18228673739252987,0.1101325163835992
metric_TMAM_..Frontend_Bandwidth(%),1.5161031128860953,0.9414953150627751,3.430859030066047,3.430859030066047,0.42849915645879366
metric_TMAM_Bad_Speculation(%),0.5165250714687606,0.4885885528306803,0.5782936544492314,0.5782936544492314,0.05281463491913824
metric_TMAM_..Branch_Mispredicts(%),0.504723999683896,0.4791100028957772,0.5646093364699635,0.5646093364699635,0.05280195415136359
metric_TMAM_..Machine_Clears(%),0.011801071784864487,0.007363893249226279,0.02378373913752312,0.02378373913752312,0.43443134956127744
metric_TMAM_Backend_bound(%),19.820294936941792,19.55990558450752,20.19774438940732,20.19774438940732,0.006873414973241452
metric_TMAM_..Memory_Bound(%),1.6685059732997516,1.4222459701578791,2.2691985566864896,2.2691985566864896,0.14333561974589373
metric_TMAM_....L1_Bound(%),0.994079439940031,0.5636189701071769,1.6123658498950864,1.6123658498950864,0.25764027916175325
metric_TMAM_......DTLB_Load(%),0.1510267810231665,0.12282256469004503,0.1809791865828274,0.1809791865828274,0.10034110585955663
metric_TMAM_......Store_Fwd_Blk(%),0.013784584399482207,0.012988522036369823,0.014803245890483856,0.014803245890483856,0.03713845348179658
metric_TMAM_......Lock_Latency(%),7.126366571911001e-06,4.703088921335772e-06,1.6912666773711585e-05,1.6912666773711585e-05,0.4933022115708653
metric_TMAM_....L2_Bound(%),0.1219384203554407,0.10896499584574654,0.1648911822247525,0.1648911822247525,0.12687159128779515
metric_TMAM_....L3_Bound(%),0.23321772757462325,0.16477051434329384,0.3497057590591856,0.3497057590591856,0.22862787990634012
metric_TMAM_......Contested_Accesses(%),0.024216707499515582,0.017018394231317086,0.03362481078183636,0.03362481078183636,0.21034183932605863
metric_TMAM_......Data_Sharing(%),0.0007781462011449908,8.873612090542732e-05,0.0030137300209016624,0.0030137300209016624,1.0922396095164888
metric_TMAM_......L3_Latency(%),0.8097632107455186,0.5400317173588768,1.116808780602078,1.116808780602078,0.24652691010588987
metric_TMAM_......L3_Bandwidth(%),0.007646068240418594,0.0023758339231356265,0.023918149594385683,0.023918149594385683,1.0424406363545942
metric_TMAM_......SQ_Full(%),0.060058418540777765,0.05430179143968361,0.06296963278317687,0.06296963278317687,0.04090854616140499
metric_TMAM_....MEM_Bound(%),0.06766999871928614,0.03591258979340406,0.0947191131287347,0.0947191131287347,0.26589790962072674
metric_TMAM_......MEM_Bandwidth(%),0.000568419363957499,0.0,0.0030267014114778185,0.0030267014114778185,1.5909913561100817
metric_TMAM_......MEM_Latency(%),0.08352107294620105,0.048485396218604794,0.15067877463647214,0.15067877463647214,0.33440047167890974
metric_TMAM_....Stores_Bound(%),0.042398728324630625,0.030471774202980216,0.07254115067755976,0.07254115067755976,0.2624447454682877
metric_TMAM_......DTLB_Store(%),0.02630242096845601,0.020382891522536455,0.0370262793342625,0.0370262793342625,0.1727789668626029
metric_TMAM_..Core_Bound(%),18.151788963642044,17.571536089158347,18.336643461691867,18.336643461691867,0.012537328351097186
metric_TMAM_....Divider(%),0.005605977056596129,0.004770419671073321,0.007643084132882901,0.007643084132882901,0.1294746480192462
metric_TMAM_....Ports_Utilization(%),15.875870019011648,15.278471763243912,21.33753479932808,21.33753479932808,0.10137639346743366
metric_TMAM_......0_Ports_Utilized(%),5.076277274914177,1.629640521329026,2.0234159461188677,2.0234159461188677,0.08049497929479674
metric_TMAM_......1_Port_Utilized(%),4.578235660716617,3.808384563849406,3.9191968418635206,3.9191968418635206,0.007000123682437388
metric_TMAM_......2_Ports_Utilized(%),11.497219659562994,10.935842578440518,11.253269486140145,11.253269486140145,0.00787013198836934
metric_TMAM_......3m_Ports_Utilized(%),79.22858145433221,79.871644131721,82.23768270491607,82.23768270491607,0.00847224600389744
metric_TMAM_Retiring(%),77.58713839944544,75.99848839982513,78.06875384527437,78.06875384527437,0.00780213815073134
metric_TMAM_..Base(%),77.47162595838054,75.8895780469897,77.95779530720668,77.95779530720668,0.008092225857048661
metric_TMAM_....FP_Arith(%),0.0002443035856224343,0.00018891289714750853,0.00034178542086236833,0.00034178542086236833,0.16043719471892248
metric_TMAM_....Other(%),99.99975569641438,99.99965821457913,99.99981108710286,99.99981108710286,3.9540447962696664e-07
metric_TMAM_..Microcode_Sequencer(%),0.1155124410648858,0.0991976622721158,0.14342863358082672,0.14342863358082672,0.09360730955357004
metric_EDP CLX XML version,4.0,4.0,4.0,4.0,0.0
ARITH.DIVIDER_ACTIVE,162459.72089548473,137730.99605460433,223498.34407570976,223498.34407570976,0.13332851932884537
BACLEARS.ANY,506449.2158533421,392026.3459526802,697815.6102177559,697815.6102177559,0.17581839077942782
BR_INST_RETIRED.ALL_BRANCHES,2145357406.756729,2142566954.7157183,2148358097.800323,2148358097.800323,0.0007542428931995904
BR_MISP_EXEC.ALL_BRANCHES,1073570.4561766123,1006281.855529203,1167953.5705763102,1167953.5705763102,0.03848230047846589
BR_MISP_EXEC.ANY_RETURN_NEAR,8162.006551782994,5955.572186483061,10711.503556034873,10711.503556034873,0.15838627116228604
BR_MISP_RETIRED.ALL_BRANCHES,1011452.9566799268,955211.38455655,1096704.2177084396,1096704.2177084396,0.04160399513346752
CORE_POWER.LVL0_TURBO_LICENSE,5732602740.786892,5719352068.239529,5762859782.908072,5762859782.908072,0.002184719218275575
CORE_POWER.LVL1_TURBO_LICENSE,0.0,0.0,0.0,0.0,NaN
CORE_POWER.LVL2_TURBO_LICENSE,0.0,0.0,0.0,0.0,NaN
CORE_POWER.THROTTLE,313898.0229090378,184909.61195623607,429788.3731364105,429788.3731364105,0.23927555980369614
CORE_SNOOP_RESPONSE.RSP_IFWDFE,9459.856017453618,4294.352703524722,22061.02194888775,22061.02194888775,0.5671489724750411
CORE_SNOOP_RESPONSE.RSP_IFWDM,9259.318134042687,7290.949555292388,13052.854543773803,13052.854543773803,0.19606169207873972
CORE_SNOOP_RESPONSE.RSP_IHITFSE,75140.70300674997,45137.0730067646,101861.47985310746,101861.47985310746,0.2160212665972391
CORE_SNOOP_RESPONSE.RSP_IHITI,74025.2581240164,45215.24737510923,106592.37858459908,106592.37858459908,0.2476701962173678
CORE_SNOOP_RESPONSE.RSP_SFWDFE,8944.767720886324,5046.908151912625,15118.31074610608,15118.31074610608,0.4055400714421495
CORE_SNOOP_RESPONSE.RSP_SFWDM,9028.814819777243,6611.792610415845,14800.133178266426,14800.133178266426,0.26286834012639515
CORE_SNOOP_RESPONSE.RSP_SHITFSE,319.6312624480754,59.93828266031287,1218.3645396413658,1218.3645396413658,0.9490898524702825
CPU_CLK_THREAD_UNHALTED.ONE_THREAD_ACTIVE,25730778.188418996,25301302.327867836,26657724.142962378,26657724.142962378,0.020853006949358675
CPU_CLK_THREAD_UNHALTED.REF_XCLK_ANY,52266923.88280596,51367443.26208044,54110551.10193168,54110551.10193168,0.021108669203640032
CPU_CLK_UNHALTED.REF_TSC,2837286049.953807,216145233.22184676,4182592005.49327,2937068301.333038,0.06532045302614703
CPU_CLK_UNHALTED.REF_TSC:SUP,120301395.31816842,94755050.7593595,139332287.407547,139332287.407547,0.10746311248580896
CPU_CLK_UNHALTED.RING0_TRANS,7714.667666668622,4525.292689981813,16645.0654453693,16645.0654453693,0.5195982976093263
CPU_CLK_UNHALTED.THREAD,2897973346.2221484,121142838.68560015,4112402061.112203,2967743520.53065,0.06723473562428339
CPU_CLK_UNHALTED.THREAD:SUP,96873346.0267312,78022432.48358609,129627700.98019914,129627700.98019914,0.16351324269551118
CPU_CLK_UNHALTED.THREAD_ANY,5815125318.43746,5775431866.8719225,5946615592.419901,5946615592.419901,0.008308964245706344
CPU_CLK_UNHALTED.THREAD_P,2906141178.432863,2889946243.3835835,2925980260.880031,2925980260.880031,0.0033239890278501717
CYCLE_ACTIVITY.STALLS_L1D_MISS,12253389.03075634,9669354.677040154,17522442.229255114,17522442.229255114,0.1857368694303668
CYCLE_ACTIVITY.STALLS_L2_MISS,8719646.110051345,6513956.756642275,12736348.488902217,12736348.488902217,0.2130934210904627
CYCLE_ACTIVITY.STALLS_L3_MISS,1961058.5262737817,1033822.4532279642,2741725.224257485,2741725.224257485,0.26727236074129296
CYCLE_ACTIVITY.STALLS_MEM_ANY,41061546.24049285,33897717.42005949,56456371.5453809,56456371.5453809,0.15908703170179647
DSB2MITE_SWITCHES.PENALTY_CYCLES,1561959.709851105,761062.8840546038,2773526.1868075747,2773526.1868075747,0.37539249512388007
DTLB_LOAD_MISSES.STLB_HIT,68137.64556384891,58248.94073222595,82124.5719972035,82124.5719972035,0.10734035861418643
DTLB_LOAD_MISSES.WALK_ACTIVE,3899752.3407617123,3157292.110377078,4788704.806909947,4788704.806909947,0.11334699828888171
DTLB_LOAD_MISSES.WALK_COMPLETED,57621.132746778,45174.54634677451,72635.90723281802,72635.90723281802,0.14680403984505772
DTLB_LOAD_MISSES.WALK_COMPLETED_1G,1460.8542497082626,1367.9966044393752,1658.7646994975626,1658.7646994975626,0.052787445700746935
DTLB_LOAD_MISSES.WALK_COMPLETED_2M_4M,5675.122900628895,4736.282895016843,7614.329524199668,7614.329524199668,0.11917883269801868
DTLB_STORE_MISSES.STLB_HIT,15185.243762547923,13395.69891221705,19238.11241407801,19238.11241407801,0.11048054060781348
DTLB_STORE_MISSES.WALK_ACTIVE,658462.6642115089,491307.71976381104,1428000.8335957057,1197739.3040826083,0.3360832116075056
DTLB_STORE_MISSES.WALK_COMPLETED,5840.575567506564,3955.885000513902,10574.15975203722,10574.15975203722,0.3480849489606511
EPT.WALK_PENDING,0.0,0.0,0.0,0.0,NaN
EXE_ACTIVITY.1_PORTS_UTIL,120469726.01645572,113231595.27126601,196900818.22281423,196900818.22281423,0.177342865558859
EXE_ACTIVITY.2_PORTS_UTIL,332027816.5334144,324237309.98186547,414724489.1778026,414724489.1778026,0.06936375106940387
EXE_ACTIVITY.BOUND_ON_STORES,1228703.845984936,895239.3805309245,2245057.2701035687,2245057.2701035687,0.3159490173063503
EXE_ACTIVITY.EXE_BOUND_0_PORTS,7580939.081960579,5956872.316214634,15663985.110480754,15663985.110480754,0.3464377759618203
FP_ARITH_INST_RETIRED.128B_PACKED_DOUBLE,0.0,0.0,0.0,0.0,NaN
FP_ARITH_INST_RETIRED.128B_PACKED_SINGLE,0.0,0.0,0.0,0.0,NaN
FP_ARITH_INST_RETIRED.256B_PACKED_DOUBLE,0.0,0.0,0.0,0.0,NaN
FP_ARITH_INST_RETIRED.256B_PACKED_SINGLE,0.0,0.0,0.0,0.0,NaN
FP_ARITH_INST_RETIRED.512B_PACKED_DOUBLE,0.0,0.0,0.0,0.0,NaN
FP_ARITH_INST_RETIRED.512B_PACKED_SINGLE,0.0,0.0,0.0,0.0,NaN
FP_ARITH_INST_RETIRED.SCALAR_DOUBLE,185.58897093495887,99.92719526613344,289.78184793181254,289.78184793181254,0.3553059459066995
FP_ARITH_INST_RETIRED.SCALAR_SINGLE,0.0,0.0,0.0,0.0,NaN
ICACHE_16B.IFDATA_STALL,6096559.783813095,4460967.153735356,13229826.057049897,13229826.057049897,0.38334274380678285
ICACHE_16B.IFDATA_STALL:c1:e1,632461.1620630469,432096.96468192624,1485713.135707834,1485713.135707834,0.4122792822514495
ICACHE_64B.IFTAG_STALL,2918731.6759247254,2256551.805481382,5841566.028492946,5841566.028492946,0.3200530717301358
IDI_MISC.WB_DOWNGRADE,12764.695329833361,619.6146822829111,165204.35495556326,165204.35495556326,3.3132925782370015
IDI_MISC.WB_UPGRADE,151978.42749392384,40304.01712311943,1265844.4182750238,1265844.4182750238,2.0383954705066687
IDQ.DSB_UOPS,9054995016.215212,9053891464.188826,9058348305.630861,9058348305.630861,0.0001167911010535455
IDQ.MITE_UOPS,21238662.010294642,18242015.060446605,24622853.35568248,24622853.35568248,0.07833958468229944
IDQ.MS_SWITCHES,2039941.4247484375,1761364.034126532,2649962.633644802,2649962.633644802,0.11309924462796088
IDQ.MS_UOPS,13481558.482276874,11546438.227136668,16731252.285096223,16731252.285096223,0.09066816115017731
IDQ_UOPS_NOT_DELIVERED.CORE,241448840.492117,175195054.81767797,463256458.55819356,463256458.55819356,0.29837004417963364
IDQ_UOPS_NOT_DELIVERED.CYCLES_0_UOPS_DELIV.CORE,16280562.13750035,13696999.560442517,19438834.532307968,19438834.532307968,0.12468384643612654
INST_RETIRED.ANY,10674849668.119192,33064083.3746274,11497504125.45589,10741254365.17428,0.06957501891482262
INST_RETIRED.ANY:SUP,11877092.000160329,9466591.329281183,16868058.739923947,16868058.739923947,0.14722907042230413
INT_MISC.CLEAR_RESTEER_CYCLES,8326336.406587322,7215382.130698747,9418520.285783771,9418520.285783771,0.07767919311761803
INT_MISC.RECOVERY_CYCLES_ANY,14194365.01611813,13264156.16369724,16618356.261303388,16618356.261303388,0.07071401362928349
ITLB_MISSES.STLB_HIT,8756.580356560891,7064.747543361623,10511.662071780507,10511.662071780507,0.12662423157609362
ITLB_MISSES.WALK_ACTIVE,974552.7978451742,798914.7594755449,1573226.247862713,1573226.247862713,0.19246999253455183
ITLB_MISSES.WALK_COMPLETED,23249.579853374322,18733.4630701664,37249.01981671402,37249.01981671402,0.19483883869046884
ITLB_MISSES.WALK_COMPLETED_2M_4M,8171.355664374618,6574.196640090405,15795.343883630738,15795.343883630738,0.28440394894215254
ITLB_MISSES.WALK_COMPLETED_4K,15076.083409417746,12159.266430075999,21453.67593308329,21453.67593308329,0.15192124068675403
L1D.REPLACEMENT,598795025.260402,598659740.4876633,599180909.6659176,599180909.6659176,0.00021722129131779408
L1D_PEND_MISS.PENDING,3904462532.9852552,3897846414.6312757,3925931670.782164,3925931670.782164,0.001858944188758155
L1D_PEND_MISS.PENDING_CYCLES_ANY,4292261494.4136996,4287294533.7567496,4302440117.240347,4302440117.240347,0.0010365001703001985
L2_LINES_IN.ALL,1799744.1454945374,1388642.3760836818,2802258.874601918,2802258.874601918,0.18352328646355803
L2_LINES_IN.F,53196.15428869989,23782.318462801533,116132.39775110279,116132.39775110279,0.5721611265128408
L2_LINES_OUT.NON_SILENT,183395.37423551927,51778.92833347278,1472968.978870303,1472968.978870303,1.9549147801299571
L2_LINES_OUT.SILENT,3257747.7367245513,2268381.3572323867,8905727.002939707,8905727.002939707,0.49366748776525227
L2_LINES_OUT.USELESS_HWPF,551.4895728076791,209.68462345378947,1748.3851526200367,1748.3851526200367,0.8254279901041853
L2_RQSTS.ALL_CODE_RD,1294454.8822579326,915261.9874000401,2052503.6042118121,2052503.6042118121,0.2162002652918093
L2_RQSTS.ALL_PF,94959690.96463609,89050705.3183216,122531841.48729096,122531841.48729096,0.1140337985829517
L2_RQSTS.CODE_RD_HIT,258312.75627400936,177511.34279724973,449320.5586517751,449320.5586517751,0.2449262154431828
L2_RQSTS.CODE_RD_MISS,1010959.6541687816,737171.5229196269,1580747.5912122868,1580747.5912122868,0.20390094912117634
LD_BLOCKS.STORE_FORWARD,30728.737060345444,28926.04526721398,33058.05716573666,33058.05716573666,0.03881790648025762
LSD.UOPS,0.0,0.0,0.0,0.0,NaN
MACHINE_CLEARS.COUNT,23649.02195312447,15187.716399978883,48114.5107368805,48114.5107368805,0.42411557289258256
MACHINE_CLEARS.MEMORY_ORDERING,1382.799444003995,709.4843310218951,2498.2240033033695,2498.2240033033695,0.4517619758524797
MACHINE_CLEARS.SMC,0.0,0.0,0.0,0.0,NaN
MEM_INST_RETIRED.ALL_LOADS,3443496981.2776403,3427097336.173882,3483078484.60013,3483078484.60013,0.007192346667700557
MEM_INST_RETIRED.ALL_STORES,1725010097.2892225,1713873535.6530025,1752081243.33421,1752081243.33421,0.009847546038429023
MEM_INST_RETIRED.LOCK_LOADS,57189.463063403666,50874.93209773067,64088.57124426295,64088.57124426295,0.06537421097227501
MEM_LOAD_L3_HIT_RETIRED.XSNP_HIT,524.4295233446982,59.92307253497805,2028.0762870164344,2028.0762870164344,1.0918483112866342
MEM_LOAD_L3_HIT_RETIRED.XSNP_HITM,7242.835498601403,6182.063649858567,8219.052344041476,8219.052344041476,0.07737407358970931
MEM_LOAD_L3_HIT_RETIRED.XSNP_MISS,4453.726645874293,1997.4357511659343,9262.544749259936,9262.544749259936,0.5069467159228944
MEM_LOAD_L3_MISS_RETIRED.LOCAL_DRAM,622.4663853465461,189.84801892630054,2686.5957051281316,2686.5957051281316,1.0484621735848672
MEM_LOAD_L3_MISS_RETIRED.REMOTE_DRAM,199.80402492605202,79.93383314133547,399.4510329659466,399.4510329659466,0.4447758995144319
MEM_LOAD_L3_MISS_RETIRED.REMOTE_PMM,0.0,0.0,0.0,0.0,NaN
MEM_LOAD_RETIRED.FB_HIT,178775721.8832412,178272556.74162185,179255252.16176668,179255252.16176668,0.0016348794049320147
MEM_LOAD_RETIRED.L1_HIT,2848935385.5867414,2844207524.0094833,2851254497.327714,2851254497.327714,0.0005263883625490382
MEM_LOAD_RETIRED.L1_MISS,399283462.084987,399208259.5599184,399445064.46561885,399445064.46561885,0.00013577475323280617
MEM_LOAD_RETIRED.L2_HIT,399049195.91761667,398395773.965182,399224391.29757756,399224391.29757756,0.0005051745011898487
MEM_LOAD_RETIRED.L2_MISS,132040.72985375675,107551.84779619696,207141.23619678954,207141.23619678954,0.18983745327369256
MEM_LOAD_RETIRED.L3_HIT,122199.14555541641,62831.48201557937,318381.16978634836,318381.16978634836,0.5159860277427301
MEM_LOAD_RETIRED.L3_MISS,11146.382148476338,7494.574982504694,16976.372751215295,16976.372751215295,0.2744238102699395
MEM_LOAD_RETIRED.LOCAL_PMM,0.0,0.0,0.0,0.0,NaN
MSR_EVENT:msr=0x34:type=FREERUN:scope=PACKAGE,0.0,0.0,0.0,0.0,NaN
MSR_EVENT:msr=0x3F9:type=FREERUN:scope=PACKAGE,0.0,0.0,0.0,0.0,NaN
MSR_EVENT:msr=0x3FD:type=FREERUN:scope=THREAD,292743664503.0406,289270239337.5489,293774227595.83936,293658620020.63196,0.003966149952122907
MSR_EVENT:msr=0x60D:type=FREERUN:scope=PACKAGE,2593643003.165224,1689567139.0349653,2682833662.2694693,2671194919.0094476,0.06802344639189299
MSR_EVENT:msr=0x611:type=FREERUN:scope=PACKAGE,1640221.2884137882,1629487.075646606,1662360.303485118,1654348.9317379945,0.0046592843965978705
MSR_EVENT:msr=0x619:type=FREERUN:scope=PACKAGE,2676080.3925789054,2653588.7628758913,2693370.5489203907,2692411.8173758965,0.004010931596306039
OCR.ALL_READS.L3_MISS_LOCAL_DRAM.ANY_SNOOP,4869.945438531982,1889.3451669602814,25829.07908861803,25829.07908861803,1.210126710570993
OCR.ALL_READS.L3_MISS_LOCAL_DRAM.ANY_SNOOP:ocr_msr_val=0x3f804007f7,0.0,0.0,0.0,0.0,NaN
OCR.ALL_READS.L3_MISS_LOCAL_DRAM.ANY_SNOOP:ocr_msr_val=0x3f838007f7,0.0,0.0,0.0,0.0,NaN
OCR.ALL_READS.L3_MISS_LOCAL_DRAM.ANY_SNOOP:ocr_msr_val=0x3fB80007f7,22700.252558337274,13615.281044443926,28523.654918458316,28523.654918458316,0.1766657269300455
OFFCORE_REQUESTS.DEMAND_DATA_RD,236100.2067862537,197219.68669067865,271181.3377638058,271181.3377638058,0.09847217856189196
OFFCORE_REQUESTS.L3_MISS_DEMAND_DATA_RD,13568.408810695057,7873.575920245277,25856.129045531037,25856.129045531037,0.38481183432795896
OFFCORE_REQUESTS.MEM_UC,43.0287391025912,39.94191232896698,49.957619286305444,49.957619286305444,0.1071932802840164
OFFCORE_REQUESTS_BUFFER.SQ_FULL,3492472.3024179055,3207537.5199848404,3924268.860806914,3924268.860806914,0.049738014580598525
OFFCORE_REQUESTS_OUTSTANDING.CYCLES_WITH_DEMAND_DATA_RD,26125194.10868102,17977996.28608558,35037014.22950401,35037014.22950401,0.21959166074443445
OFFCORE_REQUESTS_OUTSTANDING.CYCLES_WITH_DEMAND_RFO,6229284.51816696,4275610.3730837405,13909368.270057946,13909368.270057946,0.48287856935377665
OFFCORE_REQUESTS_OUTSTANDING.CYCLES_WITH_L3_MISS_DEMAND_DATA_RD,2436891.074121918,1414206.836793448,4384676.171652384,4384676.171652384,0.3390277598597111
OFFCORE_REQUESTS_OUTSTANDING.DEMAND_DATA_RD,38222575.97112121,23609968.243813537,68674454.1305878,68674454.1305878,0.29175179516222716
OFFCORE_REQUESTS_OUTSTANDING.DEMAND_DATA_RD_GE_6,238053.66130354145,79998.0034185165,786458.0613956744,786458.0613956744,1.0758430618402421
OFFCORE_REQUESTS_OUTSTANDING.L3_MISS_DEMAND_DATA_RD,3364411.7180577307,2021256.3282797383,5785331.344501622,5785331.344501622,0.3486957148614763
OFFCORE_REQUESTS_OUTSTANDING.L3_MISS_DEMAND_DATA_RD_GE_6,16472.641662253787,0.0,90949.91444200565,90949.91444200565,1.6121518907005015
OFFCORE_RESPONSE:request=ALL_READS:response=L3_HIT.HITM_OTHER_CORE,10993.84284071205,8552.299762695142,14661.141753466187,14661.141753466187,0.1446018953179736
OFFCORE_RESPONSE:request=ALL_READS:response=L3_HIT.HIT_OTHER_CORE_FWD,6452.774124706442,3147.330015037245,10727.841858692298,10727.841858692298,0.3224856341924236
OFFCORE_RESPONSE:request=ALL_READS:response=L3_MISS.REMOTE_HITM,10600.18572571564,7933.87569442785,17602.446840011122,17602.446840011122,0.28665076657380667
OFFCORE_RESPONSE:request=ALL_READS:response=L3_MISS.REMOTE_HIT_FORWARD,7923.425504021401,6673.34534002692,9602.587584817575,9602.587584817575,0.11624154260311874
QPI,0.0,0.0,0.0,0.0,NaN
ROB_MISC_EVENTS.PAUSE_INST,144127.05314455464,88192.990301581,163518.22882125503,163518.22882125503,0.11649158479589124
SW_PREFETCH_ACCESS.NTA,0.0,0.0,0.0,0.0,NaN
TSC,302400000000.0,302400000000.0,302400000000.0,302400000000.0,0.0
UNC_CHA_CLOCKTICKS,131711761809.12912,131695902394.17487,131723568353.42514,131720930431.66835,4.2732273728437544e-05
UNC_CHA_DEBUG_PIPE.VALID,5902631.253244937,3681073.1509729987,11722735.644072462,11722735.644072462,0.4194103923615223
UNC_CHA_DIR_LOOKUP.NO_SNP,3436.9628395896025,549.9899983300302,13061.366654330928,13061.366654330928,1.0510806521598635
UNC_CHA_DIR_LOOKUP.SNP,7446.27704906103,4866.793215874577,10772.72920576605,10772.72920576605,0.25304638112486666
UNC_CHA_DIR_UPDATE.HA,1723.125576704009,199.84973668390847,2747.39398487448,2747.39398487448,0.38787483236405484
UNC_CHA_DIR_UPDATE.TOR,11272.73746846651,7404.432744138807,16497.221736041654,16497.221736041654,0.20063930646189992
UNC_CHA_FAST_ASSERTED.HORZ:u0x1,392435.8538342775,0.0,959467.9485477188,959467.9485477188,0.6587902292169294
UNC_CHA_HITME_HIT.EX_RDS,1223.4199715502605,269.696930571464,2807.330353603963,2807.330353603963,0.5754800852780375
UNC_CHA_LLC_VICTIMS.TOTAL_E,288.9432918939015,99.80471470227171,899.2942205728177,899.2942205728177,0.776877422171852
UNC_CHA_LLC_VICTIMS.TOTAL_F,0.0,0.0,0.0,0.0,NaN
UNC_CHA_LLC_VICTIMS.TOTAL_M,1129.6453167128602,469.2661754590005,3017.63171792212,3017.63171792212,0.6602806967723172
UNC_CHA_LLC_VICTIMS.TOTAL_S,1257.9791724210556,289.4336726365879,5355.796691411446,5355.796691411446,1.1196124683486346
UNC_CHA_MISC.RFO_HIT_S,3807.887564951332,2217.6469779942595,6624.468470686702,6624.468470686702,0.2889817303001025
UNC_CHA_PMM_MEMMODE_NM_SETCONFLICTS.TOR_REJECT,0.0,0.0,0.0,0.0,NaN
UNC_CHA_REQUESTS.INVITOE_LOCAL,1162.3592391761701,599.8038952272033,5731.763074344629,5731.763074344629,1.1099303454571599
UNC_CHA_REQUESTS.INVITOE_REMOTE,0.0,0.0,0.0,0.0,NaN
UNC_CHA_REQUESTS.READS,16503.826556867072,10777.304016540986,25349.88546273185,25349.88546273185,0.28459717031679865
UNC_CHA_REQUESTS.READS_LOCAL,14754.24729014207,9009.386675551412,23711.83139815816,23711.83139815816,0.3083442007232401
UNC_CHA_REQUESTS.WRITES,13369.643935447973,7074.2004656552845,25140.13463739011,25140.13463739011,0.35460175088997953
UNC_CHA_REQUESTS.WRITES_LOCAL,1487.5649804038665,689.1697750393748,3605.716568970134,3605.716568970134,0.5941305635395587
UNC_CHA_RxC_INSERTS.IPQ,11873.791669130924,5518.087471757011,17272.57335192525,17272.57335192525,0.2611604068922345
UNC_CHA_RxC_INSERTS.IRQ,3321103.890393389,1957687.1674680708,12942199.438457273,12942199.438457273,0.810269800364291
UNC_CHA_RxC_INSERTS.PRQ,2054.708887045427,0.0,15346.76892527079,15346.76892527079,2.124306132142865
UNC_CHA_RxC_INSERTS.RRQ,17297.37150391146,7649.213928430787,93376.80870342556,93376.80870342556,1.2275846784457873
UNC_CHA_RxC_INSERTS.WBQ,642.1231790760734,0.0,7908.719120213139,7908.719120213139,3.1421874962532477
UNC_CHA_RxC_IPQ0_REJECT.AD_RSP_VN0,0.0,0.0,0.0,0.0,NaN
UNC_CHA_RxC_IRQ1_REJECT.PA_MATCH,361657.5807484571,226131.85720540376,537205.3173554877,537205.3173554877,0.26049607805688163
UNC_CHA_RxC_OCCUPANCY.IRQ,34029120.24389137,23084975.041957602,109412315.89353266,109412315.89353266,0.62300214397742
UNC_CHA_RxC_OCCUPANCY.IRQ:t=18,14629.812651997758,0.0,50782.39919660437,50782.39919660437,1.0677108441638872
UNC_CHA_SF_EVICTION.E_STATE,0.7683443808847966,0.0,9.986594587224308,9.986594587224308,3.4641016151377557
UNC_CHA_SF_EVICTION.M_STATE,1.5366887617695932,0.0,9.989713776718812,9.989713776718812,2.3452079668646095
UNC_CHA_SF_EVICTION.S_STATE,0.0,0.0,0.0,0.0,NaN
UNC_CHA_SNOOP_RESP.RSPCNFLCTS,5.711734279560953,0.0,39.99786707670307,39.99786707670307,2.0617156966343577
UNC_CHA_SNOOP_RESP.RSPIFWD,3282.621055792284,1867.4120711883359,6115.366183197456,6115.366183197456,0.3873665119088125
UNC_CHA_SNOOP_RESP.RSPS,7.6840261204135825,0.0,39.96294132842989,39.96294132842989,1.4561261939741434
UNC_CHA_SNOOP_RESP.RSPSFWD,1692.022551715071,199.83070490703025,3224.7067036627263,3224.7067036627263,0.624334126148596
UNC_CHA_SNOOP_RESP.RSP_FWD_WB,3891.914335871966,2518.0919577871864,8584.695357762599,8584.695357762599,0.4781415541490614
UNC_CHA_TOR_INSERTS.IA:filter1=0x40033,132387.24781098287,109046.70689426061,162841.94739501813,162841.94739501813,0.11814573018880693
UNC_CHA_TOR_INSERTS.IA:filter1=0x40233,1493589.3375534266,700471.3541314022,3715294.433896624,3715294.433896624,0.6646616379019608
UNC_CHA_TOR_INSERTS.IA:filter1=0x40433,605031.8174361626,461100.55485212844,876355.0863051778,876355.0863051778,0.21848019690856016
UNC_CHA_TOR_INSERTS.IA_HIT:filter1=0x12C4B433,0.0,0.0,0.0,0.0,NaN
UNC_CHA_TOR_INSERTS.IA_HIT:filter1=0x49033,3320.2676866307097,1817.0458871754272,5485.395558967801,5485.395558967801,0.498075363142776
UNC_CHA_TOR_INSERTS.IA_MISS:filter1=0x12C40031,3682.1393161344677,2345.7808611669525,5905.62887223577,5905.62887223577,0.27542733199271924
UNC_CHA_TOR_INSERTS.IA_MISS:filter1=0x12C40033,54091.34805261799,43429.634567427056,62855.86333427869,62855.86333427869,0.10467112089313935
UNC_CHA_TOR_INSERTS.IA_MISS:filter1=0x12C4B433,0.0,0.0,0.0,0.0,NaN
UNC_CHA_TOR_INSERTS.IA_MISS:filter1=0x12CC0233,99.89582166032159,0.0,1299.5751063256073,1299.5751063256073,3.3297499909875694
UNC_CHA_TOR_INSERTS.IA_MISS:filter1=0x12D40433,251302.02858851381,142933.38012577253,323346.4233708601,323346.4233708601,0.1890858677749703
UNC_CHA_TOR_INSERTS.IA_MISS:filter1=0x40040e33,44.948377240601154,0.0,139.84098215782225,139.84098215782225,1.314010793631958
UNC_CHA_TOR_INSERTS.IA_MISS:filter1=0x40041e33,99.89133777994253,99.82958572082566,99.9778663815367,99.9778663815367,0.00039477540529033454
UNC_CHA_TOR_INSERTS.IA_MISS:filter1=0x40431,9708.85227996969,6128.182789530145,12619.691674964706,12619.691674964706,0.2541066016966541
UNC_CHA_TOR_INSERTS.IA_MISS:filter1=0x40432,170298.58114112134,140461.05008593554,218860.42166087028,218860.42166087028,0.13033084776748072
UNC_CHA_TOR_INSERTS.IA_MISS:filter1=0x40433,245169.1930656689,162356.8254659687,366291.4367298711,366291.4367298711,0.27233783927452365
UNC_CHA_TOR_INSERTS.IA_MISS:filter1=0x40e33,20.701860753202507,0.0,210.0664837080215,210.0664837080215,2.5452070019266086
UNC_CHA_TOR_INSERTS.IA_MISS:filter1=0x41833,0.0,0.0,0.0,0.0,NaN
UNC_CHA_TOR_INSERTS.IA_MISS:filter1=0x41a33,2.854275501810295,0.0,19.982622519379444,19.982622519379444,2.4494897450842705
UNC_CHA_TOR_INSERTS.IA_MISS:filter1=0x49033,103781.99358752987,85560.89699501869,132519.43625054928,132519.43625054928,0.11391911692581111
UNC_CHA_TOR_INSERTS.IO:filter1=0x40031,0.0,0.0,0.0,0.0,NaN
UNC_CHA_TOR_INSERTS.IO:filter1=0x40032,14.279335698902385,0.0,119.93122965615619,119.93122965615619,2.505979834290458
UNC_CHA_TOR_INSERTS.IO:filter1=0x49031,0.0,0.0,0.0,0.0,NaN
UNC_CHA_TOR_INSERTS.IO:filter1=0x49032,228.38356061697868,0.0,2557.613613881246,2557.613613881246,2.918602580718776
UNC_CHA_TOR_INSERTS.IO_HIT:filter1=0x40033,11.4229031906046,0.0,59.96171466726537,59.96171466726537,1.581112485290617
UNC_CHA_TOR_INSERTS.IO_HIT:filter1=0x43c33,1.4273101493312301,0.0,19.97248028927016,19.97248028927016,3.6055512754639905
UNC_CHA_TOR_INSERTS.IO_HIT:filter1=0x49033,0.0,0.0,0.0,0.0,NaN
UNC_CHA_TOR_INSERTS.IO_MISS:filter1=0x40033,1.4278628988255748,0.0,9.995917001102283,9.995917001102283,2.4494897616650655
UNC_CHA_TOR_INSERTS.IO_MISS:filter1=0x43c33,1233.1959690221831,0.0,7675.186975527501,7675.186975527501,2.168885092149355
UNC_CHA_TOR_INSERTS.IO_MISS:filter1=0x49033,137.00989324599828,0.0,1919.4341934538625,1919.4341934538625,3.6055512754639887
UNC_CHA_TOR_OCCUPANCY.IA_MISS:filter1=0x12C40031,1411645.1554732872,1060765.5547123111,2320742.2725232947,2320742.2725232947,0.2723461409243765
UNC_CHA_TOR_OCCUPANCY.IA_MISS:filter1=0x12C40033,5334968.854620816,3206429.80163437,7516022.685811492,7516022.685811492,0.23656954848010267
UNC_CHA_TOR_OCCUPANCY.IA_MISS:filter1=0x12CC0233,30972.699505782708,309.57376508140186,383224.70539224707,383224.70539224707,3.154129841060665
UNC_CHA_TOR_OCCUPANCY.IA_MISS:filter1=0x12D40433,12228762.999948822,7073608.616531222,21780258.345573045,21780258.345573045,0.2979583041492264
UNC_CHA_TOR_OCCUPANCY.IA_MISS:filter1=0x40431,3360570.2477358775,2236631.7674636305,4375968.049828335,4375968.049828335,0.2520454294862761
UNC_CHA_TOR_OCCUPANCY.IA_MISS:filter1=0x40432,6135984.671471935,4139169.414917676,9061848.106495827,9061848.106495827,0.22676806013383152
UNC_CHA_TOR_OCCUPANCY.IA_MISS:filter1=0x40433,11482413.134203518,7252614.025085943,18970541.93228133,18970541.93228133,0.30458513589724767
UNC_IIO_PAYLOAD_BYTES_IN.MEM_READ.PART0,22.8349725031595,0.0,319.7739648121025,319.7739648121025,3.605551275463989
UNC_IIO_PAYLOAD_BYTES_IN.MEM_READ.PART1,326749.06325318053,0.0,4573060.699992283,4573060.699992283,3.6055512754639882
UNC_IIO_PAYLOAD_BYTES_IN.MEM_READ.PART2,0.0,0.0,0.0,0.0,NaN
UNC_IIO_PAYLOAD_BYTES_IN.MEM_READ.PART3,0.0,0.0,0.0,0.0,NaN
UNC_IIO_PAYLOAD_BYTES_IN.MEM_WRITE.PART0,32.82527297329178,0.0,229.83753720869868,229.83753720869868,2.449489743178808
UNC_IIO_PAYLOAD_BYTES_IN.MEM_WRITE.PART1,601.3930870169822,0.0,8416.878273812865,8416.878273812865,3.6055512754639896
UNC_IIO_PAYLOAD_BYTES_IN.MEM_WRITE.PART2,0.0,0.0,0.0,0.0,NaN
UNC_IIO_PAYLOAD_BYTES_IN.MEM_WRITE.PART3,0.0,0.0,0.0,0.0,NaN
UNC_M2M_DIRECT2CORE_NOT_TAKEN_DIRSTATE,5619.5052327929025,3967.139075615958,9530.496189200128,9530.496189200128,0.2951508422681596
UNC_M2M_DIRECT2CORE_TAKEN,2109.941341740393,659.5459929660715,10022.250944047855,10022.250944047855,1.120878423263621
UNC_M2M_DIRECT2CORE_TXN_OVERRIDE,5619.5052327929025,3967.139075615958,9530.496189200128,9530.496189200128,0.2951508422681596
UNC_M2M_DIRECT2UPI_NOT_TAKEN_CREDITS,0.0,0.0,0.0,0.0,NaN
UNC_M2M_DIRECT2UPI_NOT_TAKEN_DIRSTATE,0.0,0.0,0.0,0.0,NaN
UNC_M2M_DIRECT2UPI_TAKEN,1534.9919342278922,99.91918684196646,11900.798478924222,11900.798478924222,1.975802599460908
UNC_M2M_DIRECT2UPI_TXN_OVERRIDE,252.02547188660557,0.0,1498.0730674522674,1498.0730674522674,1.9018303310636029
UNC_M2M_DIRECTORY_LOOKUP.ANY,28237.016726721737,12269.988870636043,89562.67488618076,89562.67488618076,0.6343747135082886
UNC_M2M_DIRECTORY_LOOKUP.STATE_A,12986.915768642337,6734.50529218949,19853.65082288419,19853.65082288419,0.2927668184322284
UNC_M2M_DIRECTORY_LOOKUP.STATE_I,8659.608652016923,2977.570589128291,31778.371040123468,31778.371040123468,0.7737118990727591
UNC_M2M_DIRECTORY_LOOKUP.STATE_S,6590.49230606248,2557.9129893182635,41475.667796867616,41475.667796867616,1.4766383328122603
UNC_M2M_DIRECTORY_UPDATE.A2I,3391.4720972254922,2866.591622560775,4154.423348285312,4154.423348285312,0.10492336447810295
UNC_M2M_DIRECTORY_UPDATE.A2S,0.0,0.0,0.0,0.0,NaN
UNC_M2M_DIRECTORY_UPDATE.ANY,5905.005081905744,3857.099917999433,8402.832819307572,8402.832819307572,0.21907886930448892
UNC_M2M_DIRECTORY_UPDATE.I2A,23.818675807428697,0.0,129.825729633916,129.825729633916,1.5907238318784145
UNC_M2M_DIRECTORY_UPDATE.I2S,0.0,0.0,0.0,0.0,NaN
UNC_M2M_DIRECTORY_UPDATE.S2A,1280.8601943902972,99.87151123196074,2764.590944706747,2764.590944706747,0.6296104974975378
UNC_M2M_DIRECTORY_UPDATE.S2I,1764.3920495109105,1368.4377306672156,2345.718542389352,2345.718542389352,0.17342070571389362
UNC_M2M_IMC_WRITES.NI,0.0,0.0,0.0,0.0,NaN
UNC_M2M_PREFCAM_DEMAND_PROMOTIONS,1462.2087591469829,509.36142678490637,2616.5536693255544,2616.5536693255544,0.35226458345706413
UNC_M2M_PREFCAM_INSERTS,9742.935925372434,6124.978651760863,14191.308259967987,14191.308259967987,0.2787009947659944
UNC_M2M_RxC_AD_INSERTS,27164.96374414643,13105.4577454229,56415.096681201576,56415.096681201576,0.4047078416387401
UNC_M2M_RxC_AD_OCCUPANCY,4693.012173258619,3195.2122230003406,8307.190301474442,8307.190301474442,0.2705269246940176
UNC_M2M_RxC_BL_INSERTS,49600.52984515947,27310.534371087233,86183.35964626905,86183.35964626905,0.3134060272494033
UNC_M2M_RxC_BL_OCCUPANCY,453796.72651569836,250003.3506905273,821633.9756880885,821633.9756880885,0.33473780375617357
UNC_M2M_TAG_HIT.NM_RD_HIT_CLEAN,21333.387802825015,11784.708772955188,42862.47284644369,42590.098916252005,0.37757978774814854
UNC_M2M_TAG_HIT.NM_RD_HIT_DIRTY,173.3345564029803,39.97405003113608,549.506571591644,279.7580196743898,0.5267551246618555
UNC_M2M_TxC_AD_INSERTS,0.0,0.0,0.0,0.0,NaN
UNC_M2M_TxC_AD_OCCUPANCY,0.0,0.0,0.0,0.0,NaN
UNC_M2M_TxC_BL_INSERTS.ALL,24964.744437491237,13299.35332583716,55969.07929939798,55969.07929939798,0.4394553510098528
UNC_M2M_TxC_BL_OCCUPANCY.ALL,203946.11605817272,117133.04073948448,412287.57361856673,412287.57361856673,0.39763506493868767
UNC_M3UPI_CLOCKTICKS,14147395550.39857,14140749659.823097,14157795398.165672,14155351515.253017,0.0003864524194321571
UNC_M3UPI_RxC_FLITS_SENT.1_MSG,63852.9933643914,39555.54981714807,90828.76387389841,90828.76387389841,0.2472231863114003
UNC_M3UPI_RxC_FLITS_SENT.1_MSG_VNX,0.0,0.0,0.0,0.0,NaN
UNC_M3UPI_RxC_FLITS_SENT.2_MSGS,1271.8342040927641,689.225489238186,2795.9601896098893,2795.9601896098893,0.4497192887253538
UNC_M3UPI_RxC_FLITS_SENT.3_MSGS,29.202235501827815,0.0,109.84129316324567,109.84129316324567,1.1654372028473017
UNC_M3UPI_RxC_OCCUPANCY_VN0.BL_RSP:u0x7f,316480.1512649298,223142.60134885742,540764.2223117612,540764.2223117612,0.25236328955397413
UNC_M3UPI_RxC_OCCUPANCY_VN0.BL_RSP:u0x7f:t=1,272013.04682919884,172130.40497856552,387696.39925747924,387696.39925747924,0.19921096838044564
UNC_M3UPI_RxC_OCCUPANCY_VN0.BL_RSP:u0x7f:t=10,62.06547873128998,0.0,848.7285919954339,848.7285919954339,3.517266901201313
UNC_M3UPI_RxC_OCCUPANCY_VN0.BL_RSP:u0x7f:t=30,0.0,0.0,0.0,0.0,NaN
UNC_M3UPI_RxC_OCCUPANCY_VN0.BL_RSP:u0x7f:t=50,0.0,0.0,0.0,0.0,NaN
UNC_M3UPI_TxC_AD_FLQ_OCCUPANCY.VN0_SNP:t=10,0.0,0.0,0.0,0.0,NaN
UNC_M3UPI_UPI_PREFETCH_SPAWN,23314.66126053437,15527.270513599313,37075.955412789845,37075.955412789845,0.2407932485218013
UNC_M_CAS_COUNT.RD,226374.47239185552,170868.74016981252,5266116.667412828,214291.93826633476,1.702104565758106
UNC_M_CAS_COUNT.RD_UNDERFILL,152741.20845015373,152684.95780555537,152778.89002208915,152778.89002208915,0.00020250364196824387
UNC_M_CAS_COUNT.WR,207530.35278898242,170668.9988171095,3067280.7602797304,210703.7637840907,1.0197522497011546
UNC_M_CLOCKTICKS,16035851846.288216,16029182539.005451,16044021495.034145,16044021495.034145,0.00027324668161637184
UNC_M_PMM_RPQ_INSERTS,0.0,0.0,0.0,0.0,NaN
UNC_M_PMM_RPQ_OCCUPANCY.ALL,0.0,0.0,0.0,0.0,NaN
UNC_M_PMM_RPQ_OCCUPANCY.ALL:t=1,0.0,0.0,0.0,0.0,NaN
UNC_M_PMM_RPQ_OCCUPANCY.ALL:t=10,0.0,0.0,0.0,0.0,NaN
UNC_M_PMM_RPQ_OCCUPANCY.ALL:t=1:e1,0.0,0.0,0.0,0.0,NaN
UNC_M_PMM_RPQ_OCCUPANCY.ALL:t=24,0.0,0.0,0.0,0.0,NaN
UNC_M_PMM_RPQ_OCCUPANCY.ALL:t=36,0.0,0.0,0.0,0.0,NaN
UNC_M_PMM_RPQ_OCCUPANCY.ALL:t=36:e1,0.0,0.0,0.0,0.0,NaN
UNC_M_PMM_WPQ_INSERTS,0.0,0.0,0.0,0.0,NaN
UNC_M_PMM_WPQ_OCCUPANCY.ALL,0.0,0.0,0.0,0.0,NaN
UNC_M_PMM_WPQ_OCCUPANCY.ALL:t=1,0.0,0.0,0.0,0.0,NaN
UNC_M_PMM_WPQ_OCCUPANCY.ALL:t=10,0.0,0.0,0.0,0.0,NaN
UNC_M_PMM_WPQ_OCCUPANCY.ALL:t=1:e1,0.0,0.0,0.0,0.0,NaN
UNC_M_PMM_WPQ_OCCUPANCY.ALL:t=20,0.0,0.0,0.0,0.0,NaN
UNC_M_PMM_WPQ_OCCUPANCY.ALL:t=30,0.0,0.0,0.0,0.0,NaN
UNC_M_PMM_WPQ_OCCUPANCY.ALL:t=30:e1,0.0,0.0,0.0,0.0,NaN
UNC_M_POWER_CHANNEL_PPD,0.0,0.0,0.0,0.0,NaN
UNC_M_POWER_SELF_REFRESH,0.0,0.0,0.0,0.0,NaN
UNC_M_PRE_COUNT.PAGE_MISS,377749.8202166003,341787.4156778009,491416.2556254919,419926.33850569796,0.06759556898069212
UNC_M_PRE_COUNT.RD:u0xc,377854.355839594,341787.4156778009,491446.2163775725,420515.8560532706,0.06772464418128324
UNC_M_RPQ_INSERTS,43669.71615001196,17924.968121733116,147139.58272523197,104886.48430178428,0.5570704770801205
UNC_M_RPQ_OCCUPANCY,1664753.5549271745,875527.0175742507,4930903.433606037,3554888.569093109,0.4832594969584496
UNC_M_RPQ_OCCUPANCY:t=1,1252258.1551475136,664299.0105036648,3908215.4353783163,3054987.3426214606,0.5499017313830317
UNC_M_RPQ_OCCUPANCY:t=10,438.8448584033329,0.0,1528.424352995328,1528.424352995328,1.1143809333774801
UNC_M_RPQ_OCCUPANCY:t=1:e1,32822.74652203622,14196.05169569538,98582.32222083435,83110.43268234674,0.6461163537245397
UNC_M_RPQ_OCCUPANCY:t=20,0.0,0.0,0.0,0.0,NaN
UNC_M_RPQ_OCCUPANCY:t=40,0.0,0.0,0.0,0.0,NaN
UNC_M_RPQ_OCCUPANCY:t=40:e1,0.0,0.0,0.0,0.0,NaN
UNC_M_WPQ_INSERTS,191479.04338942177,171196.43466988584,285382.55637971987,213066.6365034233,0.09397516301166965
UNC_M_WPQ_OCCUPANCY,144731084500.28897,78912108742.18028,164264618515.70834,162980603233.98895,0.1261143527341908
UNC_UPI_CLOCKTICKS,7617690939.420639,7612414445.004279,7633610192.88931,7621095854.742468,0.00041981984350928985
UNC_UPI_DIRECT_ATTEMPTS.D2C,34866.684591142424,27673.046876526838,48752.30543969041,48752.30543969041,0.16580845067422992
UNC_UPI_DIRECT_ATTEMPTS.D2K,0.0,0.0,0.0,0.0,NaN
UNC_UPI_L1_POWER_CYCLES,2405540419.698372,2403879436.285727,2410572604.204087,2406612652.934837,0.0004189136329393479
UNC_UPI_RxL0P_POWER_CYCLES,2591036184.157239,2414114990.96148,2606771850.697797,2606771850.697797,0.018944191288182977
UNC_UPI_RxL_FLITS.ALL_DATA,298152.09745779453,223841.69757281162,396891.9979886438,396891.9979886438,0.1561602898559854
UNC_UPI_RxL_FLITS.NON_DATA,430608.7248635539,299724.6425916917,564131.0854060104,564131.0854060104,0.16399662517450853
UNC_UPI_TxL0P_POWER_CYCLES,2592391411.363919,2415285744.463095,2606411909.0168533,2606411909.0168533,0.018948461706762388
UNC_UPI_TxL_FLITS.ALL_DATA,268821.6926529837,124977.2038797672,819212.8070785104,518401.8230778621,0.4686750062017757
UNC_UPI_TxL_FLITS.ALL_NULL,734419.824425871,370317.8189581296,3227825.876988706,3227825.876988706,0.9517691755231376
UNC_UPI_TxL_FLITS.IDLE,9116768053.644629,3301867255.4633594,12269564981.057432,12269564981.057432,0.21089221254562898
UNC_UPI_TxL_FLITS.NON_DATA,443298.6227016625,220823.0307400779,1291355.530284441,947166.3115142962,0.4570047035749182
UNC_UPI_TxL_FLITS.NON_DATA:u0x87,109648.24058883128,56470.37175623511,466614.4280925751,466614.4280925751,0.9140190584241622
UOPS_EXECUTED.CORE_CYCLES_GE_1,5542049171.9734,4459413554.841067,5629038452.229285,5629038452.229285,0.054178577402733116
UOPS_EXECUTED.CORE_CYCLES_GE_2,5275819030.929336,3660041222.37976,5402507267.448318,5402507267.448318,0.08493774267155361
UOPS_EXECUTED.CORE_CYCLES_GE_3,4607241299.589719,2743640881.854208,4752241977.112971,4752241977.112971,0.1121818466141093
UOPS_EXECUTED.CORE_CYCLES_NONE,295191885.0476214,94147625.39518085,2753107838.0406513,2753107838.0406513,2.3080346351165257
UOPS_EXECUTED.THREAD,9897028521.147158,9889399189.22961,9910084095.207163,9910084095.207163,0.000826066538304021
UOPS_EXECUTED.X87,23975.24223339134,18607.17414377816,33557.35127361996,33557.35127361996,0.1594427115346896
UOPS_ISSUED.ANY,9055263088.216406,9046726281.765696,9072529203.79573,9072529203.79573,0.0008338109808656988
UOPS_ISSUED.VECTOR_WIDTH_MISMATCH,0.0,0.0,0.0,0.0,NaN
UOPS_RETIRED.RETIRE_SLOTS,9023578657.834528,9016191622.730146,9038675922.374863,9038675922.374863,0.000709835820074243
